{
    "test_results": {
        "AUC": 0.9937927614126644,
        "AUC @ 0.0025 FP": 0.24796807857581338,
        "AUC @ 0.0100 FP": 0.5476434929404543,
        "TP @ 0.0025 FP": 0.4145181092694905,
        "TP @ 0.0100 FP": 0.8004910988336402,
        "soma_MAE": 0.31352665341401653,
        "soma_RMSE": 0.5947315625891787,
        "soma_explained_variance_percent": 96.23820952459438
    },
    "train_results": {
        "AUC": 0.992176402708767,
        "AUC @ 0.0025 FP": 0.2071246495029314,
        "AUC @ 0.0100 FP": 0.4786553657914861,
        "TP @ 0.0025 FP": 0.349987254652052,
        "TP @ 0.0100 FP": 0.7286515421871017,
        "soma_MAE": 0.33803049839921223,
        "soma_RMSE": 0.7640693440853393,
        "soma_explained_variance_percent": 97.847467883149
    },
    "valid_results": {
        "AUC": 0.9929773644770352,
        "AUC @ 0.0025 FP": 0.23119079238601156,
        "AUC @ 0.0100 FP": 0.5120827799911466,
        "TP @ 0.0025 FP": 0.38335546702080564,
        "TP @ 0.0100 FP": 0.7600708277999114,
        "soma_MAE": 0.31415863042854675,
        "soma_RMSE": 0.7165480905625387,
        "soma_explained_variance_percent": 98.06599395565921
    }
}
