{
    "test_results": {
        "AUC": 0.9557883646864015,
        "AUC @ 0.0025 FP": 0.09457028852056475,
        "AUC @ 0.0100 FP": 0.2960236341313689,
        "TP @ 0.0025 FP": 0.18186003683241253,
        "TP @ 0.0100 FP": 0.5168815224063843,
        "soma_MAE": 0.6479317097367542,
        "soma_RMSE": 0.9762871270775835,
        "soma_explained_variance_percent": 89.86230187535344
    },
    "train_results": {
        "AUC": 0.9660963174722018,
        "AUC @ 0.0025 FP": 0.07080550599031353,
        "AUC @ 0.0100 FP": 0.23830486872291615,
        "TP @ 0.0025 FP": 0.13943410655110886,
        "TP @ 0.0100 FP": 0.4274789701758858,
        "soma_MAE": 0.7135894511782706,
        "soma_RMSE": 1.2247154489768852,
        "soma_explained_variance_percent": 94.46954801828936
    },
    "valid_results": {
        "AUC": 0.9669471131554322,
        "AUC @ 0.0025 FP": 0.07889331562638335,
        "AUC @ 0.0100 FP": 0.2606573705179283,
        "TP @ 0.0025 FP": 0.15272244355909695,
        "TP @ 0.0100 FP": 0.4593477940091486,
        "soma_MAE": 0.6813088954946307,
        "soma_RMSE": 1.162205455501167,
        "soma_explained_variance_percent": 94.91204222423842
    }
}
