{
    "test_results": {
        "AUC": 0.9582277853384428,
        "AUC @ 0.0025 FP": 0.09619398403928789,
        "AUC @ 0.0100 FP": 0.31825276243093925,
        "TP @ 0.0025 FP": 0.1929097605893186,
        "TP @ 0.0100 FP": 0.5452731737262124,
        "soma_MAE": 0.7502278133692276,
        "soma_RMSE": 1.084610732620328,
        "soma_explained_variance_percent": 87.4921049459529
    },
    "train_results": {
        "AUC": 0.9600506028898182,
        "AUC @ 0.0025 FP": 0.06539638032118276,
        "AUC @ 0.0100 FP": 0.2320577364262045,
        "TP @ 0.0025 FP": 0.13089472342594952,
        "TP @ 0.0100 FP": 0.4098903900076472,
        "soma_MAE": 0.788873075325662,
        "soma_RMSE": 1.3599797446397308,
        "soma_explained_variance_percent": 93.18043484177161
    },
    "valid_results": {
        "AUC": 0.9621880433919767,
        "AUC @ 0.0025 FP": 0.07710491367861887,
        "AUC @ 0.0100 FP": 0.2547771428338276,
        "TP @ 0.0025 FP": 0.14829570606463036,
        "TP @ 0.0100 FP": 0.448871181938911,
        "soma_MAE": 0.7482621012596262,
        "soma_RMSE": 1.282794648788843,
        "soma_explained_variance_percent": 93.80142865227235
    }
}
