{
    "test_results": {
        "AUC": 0.9436784290388297,
        "AUC @ 0.0025 FP": 0.07923265807243707,
        "AUC @ 0.0100 FP": 0.24675585241048423,
        "TP @ 0.0025 FP": 0.15285451197053407,
        "TP @ 0.0100 FP": 0.42694904849600984,
        "soma_MAE": 0.9339790606818866,
        "soma_RMSE": 1.3324610728507933,
        "soma_explained_variance_percent": 81.11704996345537
    },
    "train_results": {
        "AUC": 0.9485847445954173,
        "AUC @ 0.0025 FP": 0.05482029059393321,
        "AUC @ 0.0100 FP": 0.18866683660463932,
        "TP @ 0.0025 FP": 0.11062962018863115,
        "TP @ 0.0100 FP": 0.33201631404537346,
        "soma_MAE": 1.1679111218009723,
        "soma_RMSE": 1.7511825381259005,
        "soma_explained_variance_percent": 88.69340466466272
    },
    "valid_results": {
        "AUC": 0.9493628181138016,
        "AUC @ 0.0025 FP": 0.06371550833702229,
        "AUC @ 0.0100 FP": 0.20117013427770403,
        "TP @ 0.0025 FP": 0.12158772318134868,
        "TP @ 0.0100 FP": 0.3486793566474841,
        "soma_MAE": 1.1236781414954828,
        "soma_RMSE": 1.672997308338399,
        "soma_explained_variance_percent": 89.45726492486787
    }
}
