{
    "test_results": {
        "AUC": 0.9915419365264398,
        "AUC @ 0.0025 FP": 0.19123081645181092,
        "AUC @ 0.0100 FP": 0.4617894413750767,
        "TP @ 0.0025 FP": 0.32673419275629223,
        "TP @ 0.0100 FP": 0.7180785758133824,
        "soma_MAE": 0.3616594780571258,
        "soma_RMSE": 0.6632699513236511,
        "soma_explained_variance_percent": 95.32256687725288
    },
    "train_results": {
        "AUC": 0.9896358467972901,
        "AUC @ 0.0025 FP": 0.15023961254142237,
        "AUC @ 0.0100 FP": 0.40275745602854957,
        "TP @ 0.0025 FP": 0.26918174866173844,
        "TP @ 0.0100 FP": 0.6511598266632679,
        "soma_MAE": 0.3863213894198234,
        "soma_RMSE": 0.8434075388189806,
        "soma_explained_variance_percent": 97.37720424219654
    },
    "valid_results": {
        "AUC": 0.9907520178830272,
        "AUC @ 0.0025 FP": 0.16309576508779697,
        "AUC @ 0.0100 FP": 0.4316002656042497,
        "TP @ 0.0025 FP": 0.28980374797107866,
        "TP @ 0.0100 FP": 0.6885052383060352,
        "soma_MAE": 0.36007289419742833,
        "soma_RMSE": 0.7855583674272484,
        "soma_explained_variance_percent": 97.67548602530792
    }
}
