{
    "test_results": {
        "AUC": 0.9827336300647446,
        "AUC @ 0.0025 FP": 0.11707796193984038,
        "AUC @ 0.0100 FP": 0.3601020564763659,
        "TP @ 0.0025 FP": 0.21807857581338244,
        "TP @ 0.0100 FP": 0.6146408839779005,
        "soma_MAE": 0.48024647066192777,
        "soma_RMSE": 0.7946905989223285,
        "soma_explained_variance_percent": 93.28533993931906
    },
    "train_results": {
        "AUC": 0.981836017030585,
        "AUC @ 0.0025 FP": 0.0974764211062962,
        "AUC @ 0.0100 FP": 0.2960304613815957,
        "TP @ 0.0025 FP": 0.18213102217690544,
        "TP @ 0.0100 FP": 0.5117257201121591,
        "soma_MAE": 0.5043316840466984,
        "soma_RMSE": 0.9979771792270727,
        "soma_explained_variance_percent": 96.32774174098404
    },
    "valid_results": {
        "AUC": 0.9826981932648691,
        "AUC @ 0.0025 FP": 0.10720967979932122,
        "AUC @ 0.0100 FP": 0.3239469982942854,
        "TP @ 0.0025 FP": 0.19964586100044268,
        "TP @ 0.0100 FP": 0.5590969455511288,
        "soma_MAE": 0.47442748253134404,
        "soma_RMSE": 0.9328698723554445,
        "soma_explained_variance_percent": 96.72190511004362
    }
}
