{
    "test_results": {
        "AUC": 0.9934975077176675,
        "AUC @ 0.0025 FP": 0.2372130141190915,
        "AUC @ 0.0100 FP": 0.5341958256599141,
        "TP @ 0.0025 FP": 0.39686924493554326,
        "TP @ 0.0100 FP": 0.7895948434622467,
        "soma_MAE": 0.3328624287712807,
        "soma_RMSE": 0.613816374435072,
        "soma_explained_variance_percent": 95.99339274017986
    },
    "train_results": {
        "AUC": 0.991674010156648,
        "AUC @ 0.0025 FP": 0.19723680856487377,
        "AUC @ 0.0100 FP": 0.4643888605658934,
        "TP @ 0.0025 FP": 0.3381340810604129,
        "TP @ 0.0100 FP": 0.7085138924292633,
        "soma_MAE": 0.3674177875491113,
        "soma_RMSE": 0.7871083764294823,
        "soma_explained_variance_percent": 97.71568327205469
    },
    "valid_results": {
        "AUC": 0.9924839778043303,
        "AUC @ 0.0025 FP": 0.21409178102405196,
        "AUC @ 0.0100 FP": 0.49316511730854357,
        "TP @ 0.0025 FP": 0.361369337464955,
        "TP @ 0.0100 FP": 0.7453150361516896,
        "soma_MAE": 0.34362446287721216,
        "soma_RMSE": 0.7391424740906936,
        "soma_explained_variance_percent": 97.94207866359426
    }
}
