{
    "test_results": {
        "AUC": 0.9925844087271776,
        "AUC @ 0.0025 FP": 0.21008287292817682,
        "AUC @ 0.0100 FP": 0.49217694904849596,
        "TP @ 0.0025 FP": 0.35451197053406996,
        "TP @ 0.0100 FP": 0.7541436464088398,
        "soma_MAE": 0.3391502596897124,
        "soma_RMSE": 0.628297777170601,
        "soma_explained_variance_percent": 95.80187935537045
    },
    "train_results": {
        "AUC": 0.9906456430586185,
        "AUC @ 0.0025 FP": 0.15933214376752486,
        "AUC @ 0.0100 FP": 0.42125669130767274,
        "TP @ 0.0025 FP": 0.287407596227377,
        "TP @ 0.0100 FP": 0.6735916390517461,
        "soma_MAE": 0.36526325112127583,
        "soma_RMSE": 0.8069262335841714,
        "soma_explained_variance_percent": 97.59921368717124
    },
    "valid_results": {
        "AUC": 0.9916647821989455,
        "AUC @ 0.0025 FP": 0.17812896561900549,
        "AUC @ 0.0100 FP": 0.4521034380994541,
        "TP @ 0.0025 FP": 0.31341301460823373,
        "TP @ 0.0100 FP": 0.7165412424376568,
        "soma_MAE": 0.34067830357409357,
        "soma_RMSE": 0.7560816654842625,
        "soma_explained_variance_percent": 97.84667952876552
    }
}
