{
    "test_results": {
        "AUC": 0.9945643001416385,
        "AUC @ 0.0025 FP": 0.2679220380601596,
        "AUC @ 0.0100 FP": 0.57619014732965,
        "TP @ 0.0025 FP": 0.4418354818907305,
        "TP @ 0.0100 FP": 0.8281154082259055,
        "soma_MAE": 0.290514448891369,
        "soma_RMSE": 0.5641973492016029,
        "soma_explained_variance_percent": 96.61457243513006
    },
    "train_results": {
        "AUC": 0.9932512096799803,
        "AUC @ 0.0025 FP": 0.2349630384909508,
        "AUC @ 0.0100 FP": 0.5163835759338311,
        "TP @ 0.0025 FP": 0.38937037981136885,
        "TP @ 0.0100 FP": 0.7666326790721387,
        "soma_MAE": 0.31654720038162815,
        "soma_RMSE": 0.7261560861228457,
        "soma_explained_variance_percent": 98.05579771469148
    },
    "valid_results": {
        "AUC": 0.9937503478163701,
        "AUC @ 0.0025 FP": 0.25122030396930795,
        "AUC @ 0.0100 FP": 0.5400833702228125,
        "TP @ 0.0025 FP": 0.40785008115685406,
        "TP @ 0.0100 FP": 0.787959274015051,
        "soma_MAE": 0.2959750365396989,
        "soma_RMSE": 0.6867889935889728,
        "soma_explained_variance_percent": 98.22330604514138
    }
}
