{
    "test_results": {
        "AUC": 0.9934002005705468,
        "AUC @ 0.0025 FP": 0.24041436464088398,
        "AUC @ 0.0100 FP": 0.5338390116635974,
        "TP @ 0.0025 FP": 0.39732965009208104,
        "TP @ 0.0100 FP": 0.7863720073664825,
        "soma_MAE": 0.3181818211877047,
        "soma_RMSE": 0.6012261324504132,
        "soma_explained_variance_percent": 96.15573607891864
    },
    "train_results": {
        "AUC": 0.9918275416269372,
        "AUC @ 0.0025 FP": 0.1917767015039511,
        "AUC @ 0.0100 FP": 0.46614243741119005,
        "TP @ 0.0025 FP": 0.3301045118531736,
        "TP @ 0.0100 FP": 0.7174356359928626,
        "soma_MAE": 0.34556645383405715,
        "soma_RMSE": 0.771545989317664,
        "soma_explained_variance_percent": 97.8051271386953
    },
    "valid_results": {
        "AUC": 0.9926427828617995,
        "AUC @ 0.0025 FP": 0.21581525748856425,
        "AUC @ 0.0100 FP": 0.4978611480005902,
        "TP @ 0.0025 FP": 0.36387782204515273,
        "TP @ 0.0100 FP": 0.7519551423933895,
        "soma_MAE": 0.3214206025545702,
        "soma_RMSE": 0.7224801331390323,
        "soma_explained_variance_percent": 98.03383695946683
    }
}
