{
    "test_results": {
        "AUC": 0.99344898920857,
        "AUC @ 0.0025 FP": 0.23794659300184162,
        "AUC @ 0.0100 FP": 0.5343431553100061,
        "TP @ 0.0025 FP": 0.39518109269490487,
        "TP @ 0.0100 FP": 0.7912829957028852,
        "soma_MAE": 0.31736167092033457,
        "soma_RMSE": 0.60211241185708,
        "soma_explained_variance_percent": 96.14437984705795
    },
    "train_results": {
        "AUC": 0.9917112078828958,
        "AUC @ 0.0025 FP": 0.19930920214121847,
        "AUC @ 0.0100 FP": 0.4646393066530717,
        "TP @ 0.0025 FP": 0.3367320927861331,
        "TP @ 0.0100 FP": 0.7092786133061433,
        "soma_MAE": 0.34379840856643396,
        "soma_RMSE": 0.7772317206611895,
        "soma_explained_variance_percent": 97.77265795609756
    },
    "valid_results": {
        "AUC": 0.992489289079735,
        "AUC @ 0.0025 FP": 0.2169396488121588,
        "AUC @ 0.0100 FP": 0.4928353253652058,
        "TP @ 0.0025 FP": 0.3598937583001328,
        "TP @ 0.0100 FP": 0.7451674782352073,
        "soma_MAE": 0.31924811812471077,
        "soma_RMSE": 0.728311001176364,
        "soma_explained_variance_percent": 98.001962190048
    }
}
