{
    "test_results": {
        "AUC": 0.9928562236955049,
        "AUC @ 0.0025 FP": 0.22540822590546344,
        "AUC @ 0.0100 FP": 0.5151872314303254,
        "TP @ 0.0025 FP": 0.38029465930018413,
        "TP @ 0.0100 FP": 0.7711786372007366,
        "soma_MAE": 0.32398592913866536,
        "soma_RMSE": 0.6126082186522904,
        "soma_explained_variance_percent": 96.00947849231758
    },
    "train_results": {
        "AUC": 0.9911105605019943,
        "AUC @ 0.0025 FP": 0.1786795819525873,
        "AUC @ 0.0100 FP": 0.44536196788172316,
        "TP @ 0.0025 FP": 0.31073158297221515,
        "TP @ 0.0100 FP": 0.6961509049197043,
        "soma_MAE": 0.3505220105138803,
        "soma_RMSE": 0.7892137906376031,
        "soma_explained_variance_percent": 97.70345496975698
    },
    "valid_results": {
        "AUC": 0.9920573783949762,
        "AUC @ 0.0025 FP": 0.19988580969553124,
        "AUC @ 0.0100 FP": 0.4762618464035198,
        "TP @ 0.0025 FP": 0.33967832374206874,
        "TP @ 0.0100 FP": 0.7296738970045743,
        "soma_MAE": 0.3259954844048473,
        "soma_RMSE": 0.7403024948568392,
        "soma_explained_variance_percent": 97.93562388648431
    }
}
