{
    "test_results": {
        "AUC": 0.9757075064475087,
        "AUC @ 0.0025 FP": 0.1158195211786372,
        "AUC @ 0.0100 FP": 0.34439993861264573,
        "TP @ 0.0025 FP": 0.21025168815224063,
        "TP @ 0.0100 FP": 0.5925414364640884,
        "soma_MAE": 0.48644615285816933,
        "soma_RMSE": 0.8111704187426723,
        "soma_explained_variance_percent": 93.00635363327403
    },
    "train_results": {
        "AUC": 0.9746567672492675,
        "AUC @ 0.0025 FP": 0.10011470813153199,
        "AUC @ 0.0100 FP": 0.2854040275299516,
        "TP @ 0.0025 FP": 0.18697425439714505,
        "TP @ 0.0100 FP": 0.4849604894213612,
        "soma_MAE": 0.536579722710645,
        "soma_RMSE": 1.0614228186714783,
        "soma_explained_variance_percent": 95.8460412238633
    },
    "valid_results": {
        "AUC": 0.9768028248245904,
        "AUC @ 0.0025 FP": 0.10683193153312676,
        "AUC @ 0.0100 FP": 0.3090851409178102,
        "TP @ 0.0025 FP": 0.19580935517190498,
        "TP @ 0.0100 FP": 0.5306182676700605,
        "soma_MAE": 0.5045977124338091,
        "soma_RMSE": 0.9916159801586355,
        "soma_explained_variance_percent": 96.29611100385999
    }
}
