{
    "test_results": {
        "AUC": 0.9878219216642345,
        "AUC @ 0.0025 FP": 0.13889809699201966,
        "AUC @ 0.0100 FP": 0.40045273173726215,
        "TP @ 0.0025 FP": 0.2595150399017802,
        "TP @ 0.0100 FP": 0.655463474524248,
        "soma_MAE": 0.3820200573780357,
        "soma_RMSE": 0.6981148580587971,
        "soma_explained_variance_percent": 94.82020467489532
    },
    "train_results": {
        "AUC": 0.9859298675632153,
        "AUC @ 0.0025 FP": 0.1122049451950038,
        "AUC @ 0.0100 FP": 0.3480274364533929,
        "TP @ 0.0025 FP": 0.21463165944430282,
        "TP @ 0.0100 FP": 0.5860310986489932,
        "soma_MAE": 0.4172569368137468,
        "soma_RMSE": 0.8975238138208113,
        "soma_explained_variance_percent": 97.02983470044082
    },
    "valid_results": {
        "AUC": 0.9868652487041975,
        "AUC @ 0.0025 FP": 0.12605577689243025,
        "AUC @ 0.0100 FP": 0.37649181053563524,
        "TP @ 0.0025 FP": 0.24110963553194628,
        "TP @ 0.0100 FP": 0.6272687029659141,
        "soma_MAE": 0.38979513410304456,
        "soma_RMSE": 0.8361475641138385,
        "soma_explained_variance_percent": 97.36646815052842
    }
}
