{
    "test_results": {
        "AUC": 0.9921568089858758,
        "AUC @ 0.0025 FP": 0.20212707182320439,
        "AUC @ 0.0100 FP": 0.48280616942909765,
        "TP @ 0.0025 FP": 0.34576427255985265,
        "TP @ 0.0100 FP": 0.7443216697360344,
        "soma_MAE": 0.34151191982904877,
        "soma_RMSE": 0.6375671602714604,
        "soma_explained_variance_percent": 95.67726709568255
    },
    "train_results": {
        "AUC": 0.9899793394783202,
        "AUC @ 0.0025 FP": 0.15726994646953862,
        "AUC @ 0.0100 FP": 0.4100516186591894,
        "TP @ 0.0025 FP": 0.27848585266377773,
        "TP @ 0.0100 FP": 0.6586795819525874,
        "soma_MAE": 0.3742190295569004,
        "soma_RMSE": 0.8240307762645149,
        "soma_explained_variance_percent": 97.4963619462655
    },
    "valid_results": {
        "AUC": 0.9910055531861948,
        "AUC @ 0.0025 FP": 0.1689833259554375,
        "AUC @ 0.0100 FP": 0.4411465250110669,
        "TP @ 0.0025 FP": 0.29836210712704736,
        "TP @ 0.0100 FP": 0.6995720820422016,
        "soma_MAE": 0.3474231718817836,
        "soma_RMSE": 0.7668661868158928,
        "soma_explained_variance_percent": 97.78484687724142
    }
}
